month,state,rice_distributed_tonnes,wheat_distributed_tonnes,beneficiary_count,total_foodgrain_distributed_tonnes
2019-01,Tamil Nadu,78378,27339,2660540,105717
2019-02,Tamil Nadu,76636,24860,2824408,101496
2019-03,Tamil Nadu,78664,24342,3485756,103006
2019-04,Tamil Nadu,73447,19274,3199586,92721
2019-05,Tamil Nadu,84619,30044,2716399,114663
2019-06,Tamil Nadu,77903,26697,3312058,104600
2019-07,Tamil Nadu,81789,23941,2463414,105730
2019-08,Tamil Nadu,67838,21935,2733325,89773
2019-09,Tamil Nadu,90547,24278,3607078,114825
2019-10,Tamil Nadu,72060,22220,2864336,94280
2019-11,Tamil Nadu,69162,27613,2623320,96775
2019-12,Tamil Nadu,77939,28898,2823503,106837
2020-01,Tamil Nadu,72086,21675,2948874,93761
2020-02,Tamil Nadu,86101,30476,2588616,116577
2020-03,Tamil Nadu,87069,21885,2854029,108954
2020-04,Tamil Nadu,82008,29947,3291327,111955
2020-05,Tamil Nadu,81665,25684,2433522,107349
2020-06,Tamil Nadu,82401,33715,3485358,116116
2020-07,Tamil Nadu,77735,21208,3177370,98943
2020-08,Tamil Nadu,83399,27589,2990963,110988
2020-09,Tamil Nadu,76449,30921,3211537,107370
2020-10,Tamil Nadu,65990,25930,3363641,91920
2020-11,Tamil Nadu,84076,25980,2883253,110056
2020-12,Tamil Nadu,79364,24906,2939992,104270
2021-01,Tamil Nadu,80019,24804,2601917,104823
2021-02,Tamil Nadu,75370,20466,2775158,95836
2021-03,Tamil Nadu,75339,23618,2793703,98957
2021-04,Tamil Nadu,80737,27813,3150217,108550
2021-05,Tamil Nadu,61688,23746,2905140,85434
2021-06,Tamil Nadu,71932,25963,2784131,97895
2021-07,Tamil Nadu,76653,30710,3070666,107363
2021-08,Tamil Nadu,81020,23766,3062023,104786
2021-09,Tamil Nadu,85537,24748,3008201,110285
2021-10,Tamil Nadu,77008,25530,3213482,102538
2021-11,Tamil Nadu,70948,25482,3017430,96430
2021-12,Tamil Nadu,70254,37806,2594348,108060
2022-01,Tamil Nadu,80292,25819,3124675,106111
2022-02,Tamil Nadu,82268,26678,3623664,108946
2022-03,Tamil Nadu,72676,26938,2783531,99614
2022-04,Tamil Nadu,77756,27575,3244821,105331
2022-05,Tamil Nadu,67183,22757,2984893,89940
2022-06,Tamil Nadu,80923,30126,3477055,111049
2022-07,Tamil Nadu,68324,26586,2352638,94910
2022-08,Tamil Nadu,71435,27078,2224641,98513
2022-09,Tamil Nadu,78786,27390,2312823,106176
2022-10,Tamil Nadu,72550,22749,2365260,95299
2022-11,Tamil Nadu,75206,30601,2483412,105807
2022-12,Tamil Nadu,83672,16825,2870030,100497
2023-01,Tamil Nadu,73528,28467,2683769,101995
2023-02,Tamil Nadu,74750,28047,3231506,102797
2023-03,Tamil Nadu,71507,26242,3164466,97749
2023-04,Tamil Nadu,88406,26149,3051105,114555
2023-05,Tamil Nadu,75851,31222,3617882,107073
2023-06,Tamil Nadu,85892,25257,2395552,111149
2023-07,Tamil Nadu,75938,28358,3591358,104296
2023-08,Tamil Nadu,89053,34224,2960373,123277
2023-09,Tamil Nadu,76847,32329,3494457,109176
2023-10,Tamil Nadu,73896,22158,3103813,96054
2023-11,Tamil Nadu,76654,23904,3268668,100558
2023-12,Tamil Nadu,74584,23393,3399753,97977
2024-01,Tamil Nadu,75880,33390,2780690,109270
2024-02,Tamil Nadu,82953,22421,3586830,105374
2024-03,Tamil Nadu,78475,33923,3348206,112398
2024-04,Tamil Nadu,69642,28108,2914985,97750
2024-05,Tamil Nadu,77924,25537,3044515,103461
2024-06,Tamil Nadu,74754,27191,2343629,101945
2024-07,Tamil Nadu,71575,29134,2606668,100709
2024-08,Tamil Nadu,77707,26643,2635667,104350
2024-09,Tamil Nadu,87382,27282,2970063,114664
2024-10,Tamil Nadu,78181,25904,3069946,104085
2024-11,Tamil Nadu,87715,30475,3259700,118190
2024-12,Tamil Nadu,82635,22041,3635346,104676
2019-01,Karnataka,30113,16821,41837604,46934
2019-02,Karnataka,40989,20893,37743786,61882
2019-03,Karnataka,35102,21507,30721736,56609
2019-04,Karnataka,36899,23863,29224020,60762
2019-05,Karnataka,40286,20996,29311043,61282
2019-06,Karnataka,34988,23616,43331548,58604
2019-07,Karnataka,34359,22352,42795684,56711
2019-08,Karnataka,43986,18929,35626320,62915
2019-09,Karnataka,36223,21286,27335453,57509
2019-10,Karnataka,37412,18606,28495130,56018
2019-11,Karnataka,40735,19234,42922087,59969
2019-12,Karnataka,36349,22148,43997254,58497
2020-01,Karnataka,36686,20119,35896526,56805
2020-02,Karnataka,29844,28648,41097276,58492
2020-03,Karnataka,34693,23333,31663049,58026
2020-04,Karnataka,43650,8090,41069015,51740
2020-05,Karnataka,41002,17504,32994308,58506
2020-06,Karnataka,34027,24581,34797489,58608
2020-07,Karnataka,36486,21276,42869976,57762
2020-08,Karnataka,40731,20918,35636796,61649
2020-09,Karnataka,34980,18211,43179404,53191
2020-10,Karnataka,48012,21448,39446968,69460
2020-11,Karnataka,28493,23704,39445413,52197
2020-12,Karnataka,37384,20272,40363805,57656
2021-01,Karnataka,34740,23432,41070189,58172
2021-02,Karnataka,40829,19805,35158407,60634
2021-03,Karnataka,39818,19300,40629599,59118
2021-04,Karnataka,33101,19080,28998623,52181
2021-05,Karnataka,25795,25809,32685563,51604
2021-06,Karnataka,28616,20969,26481716,49585
2021-07,Karnataka,28477,21304,34324920,49781
2021-08,Karnataka,44265,27484,31358734,71749
2021-09,Karnataka,39781,22073,32435546,61854
2021-10,Karnataka,41304,24185,32756493,65489
2021-11,Karnataka,46509,22229,33868019,68738
2021-12,Karnataka,32282,25996,42729732,58278
2022-01,Karnataka,29379,23227,34103333,52606
2022-02,Karnataka,26381,21279,33030353,47660
2022-03,Karnataka,34050,17409,36433518,51459
2022-04,Karnataka,37043,16629,36222335,53672
2022-05,Karnataka,33510,23413,37785474,56923
2022-06,Karnataka,36224,23790,32051867,60014
2022-07,Karnataka,40301,21979,37058988,62280
2022-08,Karnataka,30996,16273,42337507,47269
2022-09,Karnataka,36019,23121,30784629,59140
2022-10,Karnataka,31039,19924,36326516,50963
2022-11,Karnataka,39274,16431,42884938,55705
2022-12,Karnataka,35320,16819,37781452,52139
2023-01,Karnataka,30246,19611,32474257,49857
2023-02,Karnataka,39327,20882,38681466,60209
2023-03,Karnataka,45618,19249,35556277,64867
2023-04,Karnataka,26103,23972,35001543,50075
2023-05,Karnataka,36905,22486,35284194,59391
2023-06,Karnataka,33686,21254,33365360,54940
2023-07,Karnataka,40454,26217,38704263,66671
2023-08,Karnataka,36588,22976,30874959,59564
2023-09,Karnataka,37718,24289,32894374,62007
2023-10,Karnataka,28608,21172,36680287,49780
2023-11,Karnataka,37930,29312,40854116,67242
2023-12,Karnataka,38540,18554,43828145,57094
2024-01,Karnataka,37236,17436,37500093,54672
2024-02,Karnataka,38504,21864,34952111,60368
2024-03,Karnataka,41952,21999,26686809,63951
2024-04,Karnataka,36189,12720,34796281,48909
2024-05,Karnataka,36973,21494,32687898,58467
2024-06,Karnataka,40783,22735,41611919,63518
2024-07,Karnataka,32895,21047,37095053,53942
2024-08,Karnataka,48602,25006,38181765,73608
2024-09,Karnataka,37020,25346,36667980,62366
2024-10,Karnataka,33654,19082,35598227,52736
2024-11,Karnataka,44007,19379,31284390,63386
2024-12,Karnataka,39419,25203,37908056,64622
2019-01,Kerala,73004,40886,28209620,113890
2019-02,Kerala,70083,39642,36142311,109725
2019-03,Kerala,75289,42496,34584571,117785
2019-04,Kerala,61926,38491,30596352,100417
2019-05,Kerala,69943,36093,24222300,106036
2019-06,Kerala,75482,43545,34136223,119027
2019-07,Kerala,71574,36885,24970421,108459
2019-08,Kerala,71613,34704,36752761,106317
2019-09,Kerala,78351,35151,27293495,113502
2019-10,Kerala,74329,38323,23377521,112652
2019-11,Kerala,69192,38469,30209728,107661
2019-12,Kerala,75066,41067,27464460,116133
2020-01,Kerala,74857,40691,35937048,115548
2020-02,Kerala,75237,36211,27142627,111448
2020-03,Kerala,69254,36510,22822919,105764
2020-04,Kerala,66054,39583,28584248,105637
2020-05,Kerala,74367,34017,28549823,108384
2020-06,Kerala,69282,40618,30917337,109900
2020-07,Kerala,71932,35308,27634136,107240
2020-08,Kerala,68835,41789,34680107,110624
2020-09,Kerala,71397,39653,29502984,111050
2020-10,Kerala,69585,28103,31106494,97688
2020-11,Kerala,78373,39126,33666686,117499
2020-12,Kerala,68812,35914,24600785,104726
2021-01,Kerala,72657,34700,25671782,107357
2021-02,Kerala,75427,35260,26322496,110687
2021-03,Kerala,71813,38395,31989320,110208
2021-04,Kerala,69992,32634,23888124,102626
2021-05,Kerala,75236,42428,31499901,117664
2021-06,Kerala,71805,33705,26884273,105510
2021-07,Kerala,68661,34632,22632124,103293
2021-08,Kerala,69105,36807,34223150,105912
2021-09,Kerala,87235,45400,24232744,132635
2021-10,Kerala,67617,38105,24089261,105722
2021-11,Kerala,66175,39882,24872963,106057
2021-12,Kerala,84497,48336,30922564,132833
2022-01,Kerala,72096,35880,33858593,107976
2022-02,Kerala,75167,40711,37010059,115878
2022-03,Kerala,68802,40549,30089185,109351
2022-04,Kerala,74868,41012,29331673,115880
2022-05,Kerala,71988,36814,25774279,108802
2022-06,Kerala,71986,43058,24273166,115044
2022-07,Kerala,67163,42359,31811821,109522
2022-08,Kerala,66439,33923,24447022,100362
2022-09,Kerala,71172,37796,24671120,108968
2022-10,Kerala,66706,39710,28058764,106416
2022-11,Kerala,71557,38805,36064905,110362
2022-12,Kerala,66308,32786,29024689,99094
2023-01,Kerala,75542,36294,35179809,111836
2023-02,Kerala,68105,34405,23298833,102510
2023-03,Kerala,69918,43182,32076409,113100
2023-04,Kerala,78545,49377,32512296,127922
2023-05,Kerala,70659,44904,23982556,115563
2023-06,Kerala,71674,38940,26299964,110614
2023-07,Kerala,75433,41563,30053017,116996
2023-08,Kerala,75387,38914,28224181,114301
2023-09,Kerala,62325,38567,32444115,100892
2023-10,Kerala,68127,43728,34735176,111855
2023-11,Kerala,73224,43146,27238497,116370
2023-12,Kerala,64903,42912,25928026,107815
2024-01,Kerala,63696,39985,29667649,103681
2024-02,Kerala,71186,34687,35955610,105873
2024-03,Kerala,63214,36242,27957026,99456
2024-04,Kerala,73447,32408,28850320,105855
2024-05,Kerala,73038,37357,23032015,110395
2024-06,Kerala,75187,41462,26639877,116649
2024-07,Kerala,68587,34353,34493593,102940
2024-08,Kerala,79324,36539,31359955,115863
2024-09,Kerala,70914,34763,31699719,105677
2024-10,Kerala,68129,37409,33636580,105538
2024-11,Kerala,76810,46182,25369720,122992
2024-12,Kerala,65000,34386,31651067,99386
2019-01,Andhra Pradesh,44969,42332,36709726,87301
2019-02,Andhra Pradesh,34361,45547,40618896,79908
2019-03,Andhra Pradesh,32329,41407,51829764,73736
2019-04,Andhra Pradesh,33387,36744,58037636,70131
2019-05,Andhra Pradesh,35470,39823,37114815,75293
2019-06,Andhra Pradesh,34550,44113,44736486,78663
2019-07,Andhra Pradesh,41308,42869,40497539,84177
2019-08,Andhra Pradesh,46552,39746,45197887,86298
2019-09,Andhra Pradesh,40339,47491,54734053,87830
2019-10,Andhra Pradesh,46900,33992,56558525,80892
2019-11,Andhra Pradesh,45399,36788,42017952,82187
2019-12,Andhra Pradesh,27430,39068,39344811,66498
2020-01,Andhra Pradesh,41100,42628,42350278,83728
2020-02,Andhra Pradesh,43538,45560,52535709,89098
2020-03,Andhra Pradesh,38278,45473,49538652,83751
2020-04,Andhra Pradesh,38607,38894,48220872,77501
2020-05,Andhra Pradesh,30121,42522,49667169,72643
2020-06,Andhra Pradesh,49223,37735,50621345,86958
2020-07,Andhra Pradesh,34813,37736,57056092,72549
2020-08,Andhra Pradesh,48137,45345,44032943,93482
2020-09,Andhra Pradesh,44363,38260,40502130,82623
2020-10,Andhra Pradesh,36995,48357,57596218,85352
2020-11,Andhra Pradesh,42543,42754,56827454,85297
2020-12,Andhra Pradesh,42030,41939,48452077,83969
2021-01,Andhra Pradesh,43121,39415,52151920,82536
2021-02,Andhra Pradesh,45698,36432,52973095,82130
2021-03,Andhra Pradesh,35928,38196,47252950,74124
2021-04,Andhra Pradesh,46143,34534,46298641,80677
2021-05,Andhra Pradesh,45204,42200,43616639,87404
2021-06,Andhra Pradesh,30036,45966,57336860,76002
2021-07,Andhra Pradesh,46065,44505,56409615,90570
2021-08,Andhra Pradesh,49810,37904,53737740,87714
2021-09,Andhra Pradesh,32061,38191,45126982,70252
2021-10,Andhra Pradesh,53709,39288,39363339,92997
2021-11,Andhra Pradesh,45017,35703,56357920,80720
2021-12,Andhra Pradesh,37594,35441,53352122,73035
2022-01,Andhra Pradesh,37595,40518,48094528,78113
2022-02,Andhra Pradesh,25955,41873,56921142,67828
2022-03,Andhra Pradesh,42729,42253,54742628,84982
2022-04,Andhra Pradesh,41497,40758,39672317,82255
2022-05,Andhra Pradesh,33321,43226,43751751,76547
2022-06,Andhra Pradesh,46285,39641,57176656,85926
2022-07,Andhra Pradesh,32150,46525,46712745,78675
2022-08,Andhra Pradesh,37497,38511,58614812,76008
2022-09,Andhra Pradesh,36401,37717,39445899,74118
2022-10,Andhra Pradesh,33299,35357,55599135,68656
2022-11,Andhra Pradesh,33691,52206,41259701,85897
2022-12,Andhra Pradesh,36381,40719,38115879,77100
2023-01,Andhra Pradesh,37332,42045,56551317,79377
2023-02,Andhra Pradesh,43525,42073,46239024,85598
2023-03,Andhra Pradesh,43848,44385,46742422,88233
2023-04,Andhra Pradesh,42934,35853,41791049,78787
2023-05,Andhra Pradesh,30286,51031,52399078,81317
2023-06,Andhra Pradesh,39337,41433,39926445,80770
2023-07,Andhra Pradesh,40726,43020,49435479,83746
2023-08,Andhra Pradesh,35424,44564,57031798,79988
2023-09,Andhra Pradesh,38663,42656,42990121,81319
2023-10,Andhra Pradesh,34930,41606,51818874,76536
2023-11,Andhra Pradesh,32938,36670,36614386,69608
2023-12,Andhra Pradesh,38879,41149,42648219,80028
2024-01,Andhra Pradesh,35769,39785,58695029,75554
2024-02,Andhra Pradesh,41274,45743,38140018,87017
2024-03,Andhra Pradesh,41865,48509,40493489,90374
2024-04,Andhra Pradesh,36798,42531,54091737,79329
2024-05,Andhra Pradesh,35602,40731,40317649,76333
2024-06,Andhra Pradesh,38326,46717,36605310,85043
2024-07,Andhra Pradesh,34646,42461,39449718,77107
2024-08,Andhra Pradesh,44309,41975,38609620,86284
2024-09,Andhra Pradesh,41740,45046,58270590,86786
2024-10,Andhra Pradesh,30620,43111,49472069,73731
2024-11,Andhra Pradesh,45144,37037,56599206,82181
2024-12,Andhra Pradesh,39722,40852,46397305,80574
2019-01,Telangana,46296,22404,4346394,68700
2019-02,Telangana,52067,17041,5597694,69108
2019-03,Telangana,51160,24885,5376446,76045
2019-04,Telangana,44308,27695,5719950,72003
2019-05,Telangana,48863,20776,5446532,69639
2019-06,Telangana,53249,24602,5769707,77851
2019-07,Telangana,55926,21401,5996470,77327
2019-08,Telangana,53918,27051,6975771,80969
2019-09,Telangana,54175,21274,5331626,75449
2019-10,Telangana,51060,20928,4979202,71988
2019-11,Telangana,42133,15975,6874749,58108
2019-12,Telangana,47973,18662,6758097,66635
2020-01,Telangana,50821,20294,6856698,71115
2020-02,Telangana,47339,20709,5571817,68048
2020-03,Telangana,55034,26218,5837841,81252
2020-04,Telangana,51029,20325,6217361,71354
2020-05,Telangana,48429,27614,4340806,76043
2020-06,Telangana,47448,20768,5248417,68216
2020-07,Telangana,41268,30122,6931481,71390
2020-08,Telangana,47406,22170,6568651,69576
2020-09,Telangana,58295,22514,4341091,80809
2020-10,Telangana,51963,22176,5102278,74139
2020-11,Telangana,50051,25887,5876077,75938
2020-12,Telangana,58755,27539,6839227,86294
2021-01,Telangana,42309,25184,4321197,67493
2021-02,Telangana,44421,21600,4697841,66021
2021-03,Telangana,48147,27474,5656539,75621
2021-04,Telangana,47680,17438,6332858,65118
2021-05,Telangana,46119,27495,5260677,73614
2021-06,Telangana,52909,27345,5068078,80254
2021-07,Telangana,51314,23906,5627640,75220
2021-08,Telangana,51497,24938,6858000,76435
2021-09,Telangana,47644,20242,6898257,67886
2021-10,Telangana,54808,27296,6544312,82104
2021-11,Telangana,51533,16435,6962434,67968
2021-12,Telangana,46903,30738,4916643,77641
2022-01,Telangana,49144,21293,5093673,70437
2022-02,Telangana,51244,24622,4415483,75866
2022-03,Telangana,43753,26737,4651428,70490
2022-04,Telangana,53254,25432,6058072,78686
2022-05,Telangana,58955,32231,6601675,91186
2022-06,Telangana,40061,19866,4817727,59927
2022-07,Telangana,46995,16977,4282924,63972
2022-08,Telangana,48476,21900,5721900,70376
2022-09,Telangana,53673,22502,4983025,76175
2022-10,Telangana,44578,22109,5348006,66687
2022-11,Telangana,47509,22414,5411504,69923
2022-12,Telangana,37712,23306,4533207,61018
2023-01,Telangana,41331,30620,4794202,71951
2023-02,Telangana,48219,32838,6814339,81057
2023-03,Telangana,47848,27914,5369083,75762
2023-04,Telangana,50205,22636,6362157,72841
2023-05,Telangana,54451,27292,4699742,81743
2023-06,Telangana,49853,22994,6749914,72847
2023-07,Telangana,45946,22088,6720263,68034
2023-08,Telangana,43448,19057,5950729,62505
2023-09,Telangana,50446,24089,4769242,74535
2023-10,Telangana,49418,22874,5890808,72292
2023-11,Telangana,54336,21214,4414432,75550
2023-12,Telangana,46864,16764,6909462,63628
2024-01,Telangana,52864,21408,5067274,74272
2024-02,Telangana,52885,17063,5407168,69948
2024-03,Telangana,49688,34098,6228859,83786
2024-04,Telangana,47229,22884,5347262,70113
2024-05,Telangana,54139,23024,6701527,77163
2024-06,Telangana,56575,26932,6682009,83507
2024-07,Telangana,48722,21270,6800690,69992
2024-08,Telangana,42554,24476,5562555,67030
2024-09,Telangana,50256,29444,6147074,79700
2024-10,Telangana,41541,24241,5136583,65782
2024-11,Telangana,42236,24890,6698548,67126
2024-12,Telangana,43841,19224,5391275,63065
2019-01,Maharashtra,46868,38241,17167382,85109
2019-02,Maharashtra,40226,39356,22871048,79582
2019-03,Maharashtra,32041,36924,25829801,68965
2019-04,Maharashtra,49675,38364,18377652,88039
2019-05,Maharashtra,31258,38398,24895246,69656
2019-06,Maharashtra,35581,30499,26087095,66080
2019-07,Maharashtra,37955,35133,16902272,73088
2019-08,Maharashtra,30396,32252,18312279,62648
2019-09,Maharashtra,27260,34705,19387638,61965
2019-10,Maharashtra,30859,38259,27202110,69118
2019-11,Maharashtra,39301,33570,19066155,72871
2019-12,Maharashtra,42463,31044,16830679,73507
2020-01,Maharashtra,26363,39528,18281657,65891
2020-02,Maharashtra,36658,38645,19711976,75303
2020-03,Maharashtra,41881,37573,19015346,79454
2020-04,Maharashtra,43728,26076,21534251,69804
2020-05,Maharashtra,36521,40750,24836807,77271
2020-06,Maharashtra,33715,35992,22110758,69707
2020-07,Maharashtra,38365,40439,20828352,78804
2020-08,Maharashtra,29829,31907,20575032,61736
2020-09,Maharashtra,28912,32226,19715791,61138
2020-10,Maharashtra,34802,35599,18990343,70401
2020-11,Maharashtra,42787,35179,21217235,77966
2020-12,Maharashtra,42600,36351,25373384,78951
2021-01,Maharashtra,42017,41725,23063174,83742
2021-02,Maharashtra,36257,34726,17118757,70983
2021-03,Maharashtra,38979,32646,23201802,71625
2021-04,Maharashtra,45562,26438,17315115,72000
2021-05,Maharashtra,36978,29971,21982216,66949
2021-06,Maharashtra,41508,36035,16890908,77543
2021-07,Maharashtra,34214,43129,25443974,77343
2021-08,Maharashtra,43024,38027,26008364,81051
2021-09,Maharashtra,35637,37168,22417688,72805
2021-10,Maharashtra,41440,38666,26707486,80106
2021-11,Maharashtra,37264,35731,24508624,72995
2021-12,Maharashtra,42353,30686,17045093,73039
2022-01,Maharashtra,44403,30126,17893139,74529
2022-02,Maharashtra,33643,34075,26311448,67718
2022-03,Maharashtra,41003,40795,22227467,81798
2022-04,Maharashtra,35340,36813,23346407,72153
2022-05,Maharashtra,36578,37712,27403356,74290
2022-06,Maharashtra,43626,40668,23916453,84294
2022-07,Maharashtra,37575,32114,25684000,69689
2022-08,Maharashtra,42652,31923,23569601,74575
2022-09,Maharashtra,33671,37645,24241635,71316
2022-10,Maharashtra,37060,36418,27077463,73478
2022-11,Maharashtra,37248,37030,27018806,74278
2022-12,Maharashtra,36766,36582,20994736,73348
2023-01,Maharashtra,27860,39793,20751404,67653
2023-02,Maharashtra,34424,28851,22875223,63275
2023-03,Maharashtra,42214,34373,25591978,76587
2023-04,Maharashtra,39510,32896,17489755,72406
2023-05,Maharashtra,34573,45295,22139525,79868
2023-06,Maharashtra,34890,31003,19613376,65893
2023-07,Maharashtra,31560,43320,23016208,74880
2023-08,Maharashtra,48001,37605,27240766,85606
2023-09,Maharashtra,49795,42703,23263061,92498
2023-10,Maharashtra,26692,40589,19213100,67281
2023-11,Maharashtra,29772,36740,23762802,66512
2023-12,Maharashtra,38764,36745,25159838,75509
2024-01,Maharashtra,39483,30330,17879852,69813
2024-02,Maharashtra,35122,35082,22134677,70204
2024-03,Maharashtra,35977,43291,17951639,79268
2024-04,Maharashtra,34012,35918,24543633,69930
2024-05,Maharashtra,43972,36855,23554829,80827
2024-06,Maharashtra,34756,35579,25714452,70335
2024-07,Maharashtra,27898,36522,24989119,64420
2024-08,Maharashtra,38220,29837,22075889,68057
2024-09,Maharashtra,38299,35349,24193764,73648
2024-10,Maharashtra,36305,30401,19909824,66706
2024-11,Maharashtra,38773,37720,26897614,76493
2024-12,Maharashtra,41437,38431,19919521,79868
2019-01,Gujarat,40444,59406,31045751,99850
2019-02,Gujarat,39516,51360,32821288,90876
2019-03,Gujarat,35512,56784,27028927,92296
2019-04,Gujarat,43434,56813,26765205,100247
2019-05,Gujarat,38959,54223,29314257,93182
2019-06,Gujarat,35890,54102,28756239,89992
2019-07,Gujarat,27533,53570,36577513,81103
2019-08,Gujarat,37503,58066,27974178,95569
2019-09,Gujarat,30113,62684,36947514,92797
2019-10,Gujarat,34301,54463,23406011,88764
2019-11,Gujarat,39056,58443,32149507,97499
2019-12,Gujarat,38471,58252,34081956,96723
2020-01,Gujarat,35266,52854,32711914,88120
2020-02,Gujarat,35167,59188,30182103,94355
2020-03,Gujarat,32814,51956,32054391,84770
2020-04,Gujarat,35748,56244,27443040,91992
2020-05,Gujarat,40700,56895,25430113,97595
2020-06,Gujarat,43279,57247,33580894,100526
2020-07,Gujarat,41622,57508,34960331,99130
2020-08,Gujarat,29034,50624,38138660,79658
2020-09,Gujarat,34058,50396,25397156,84454
2020-10,Gujarat,42398,48891,26167937,91289
2020-11,Gujarat,47277,50817,29126285,98094
2020-12,Gujarat,38224,62565,28195660,100789
2021-01,Gujarat,39783,62857,30150557,102640
2021-02,Gujarat,35706,51446,32219661,87152
2021-03,Gujarat,36820,57616,24943759,94436
2021-04,Gujarat,38538,56320,30155587,94858
2021-05,Gujarat,41385,57387,27497959,98772
2021-06,Gujarat,39296,60402,28119956,99698
2021-07,Gujarat,38319,54695,28972365,93014
2021-08,Gujarat,30763,56833,23472300,87596
2021-09,Gujarat,39042,53026,25142143,92068
2021-10,Gujarat,41453,49467,27391327,90920
2021-11,Gujarat,25295,52926,35181517,78221
2021-12,Gujarat,29849,53217,38405478,83066
2022-01,Gujarat,40029,51740,32808917,91769
2022-02,Gujarat,44085,52887,34818073,96972
2022-03,Gujarat,27672,54949,24922930,82621
2022-04,Gujarat,32962,51368,33149999,84330
2022-05,Gujarat,40417,57759,35036146,98176
2022-06,Gujarat,42838,62066,23396211,104904
2022-07,Gujarat,47065,55657,27850120,102722
2022-08,Gujarat,35157,50046,31581887,85203
2022-09,Gujarat,32884,58964,27013777,91848
2022-10,Gujarat,36091,51179,38002003,87270
2022-11,Gujarat,41201,55312,25973443,96513
2022-12,Gujarat,37946,49571,25507253,87517
2023-01,Gujarat,39384,53017,28462908,92401
2023-02,Gujarat,32665,58978,27805056,91643
2023-03,Gujarat,38666,59711,25067614,98377
2023-04,Gujarat,33301,55321,24196613,88622
2023-05,Gujarat,32903,56663,26485070,89566
2023-06,Gujarat,31554,55262,28030408,86816
2023-07,Gujarat,31029,54888,25257148,85917
2023-08,Gujarat,34707,47778,34805467,82485
2023-09,Gujarat,41128,60012,36952890,101140
2023-10,Gujarat,31447,56516,32631509,87963
2023-11,Gujarat,44041,55296,26926795,99337
2023-12,Gujarat,29969,51306,24631132,81275
2024-01,Gujarat,39844,57684,27041510,97528
2024-02,Gujarat,40470,57177,32134999,97647
2024-03,Gujarat,44991,51844,29283021,96835
2024-04,Gujarat,47062,59329,27698134,106391
2024-05,Gujarat,38244,64496,32336196,102740
2024-06,Gujarat,42730,52592,25480027,95322
2024-07,Gujarat,51528,49341,23299868,100869
2024-08,Gujarat,39011,61608,24391913,100619
2024-09,Gujarat,40068,59127,37304820,99195
2024-10,Gujarat,37924,64066,35384173,101990
2024-11,Gujarat,33255,48155,28674840,81410
2024-12,Gujarat,39784,55380,30997105,95164
2019-01,Rajasthan,46928,25172,9385064,72100
2019-02,Rajasthan,39615,29706,7630392,69321
2019-03,Rajasthan,35790,35387,10604358,71177
2019-04,Rajasthan,45927,35774,11043137,81701
2019-05,Rajasthan,50328,31843,11554626,82171
2019-06,Rajasthan,39261,28944,10193965,68205
2019-07,Rajasthan,37600,30493,11828431,68093
2019-08,Rajasthan,43562,23817,7745639,67379
2019-09,Rajasthan,42378,28390,8628625,70768
2019-10,Rajasthan,52359,30533,9637682,82892
2019-11,Rajasthan,42877,30684,11194748,73561
2019-12,Rajasthan,43684,28744,9164545,72428
2020-01,Rajasthan,40163,29005,8101944,69168
2020-02,Rajasthan,37807,37412,11164756,75219
2020-03,Rajasthan,40652,33317,8657834,73969
2020-04,Rajasthan,43564,40877,9949224,84441
2020-05,Rajasthan,31434,25601,8792563,57035
2020-06,Rajasthan,41738,34374,11118729,76112
2020-07,Rajasthan,30877,27046,8009843,57923
2020-08,Rajasthan,55979,26967,8371470,82946
2020-09,Rajasthan,37769,25676,11428642,63445
2020-10,Rajasthan,43798,33737,9864336,77535
2020-11,Rajasthan,40051,26178,11060705,66229
2020-12,Rajasthan,41781,31150,11923658,72931
2021-01,Rajasthan,45432,26021,7533583,71453
2021-02,Rajasthan,38146,35123,8240401,73269
2021-03,Rajasthan,51760,35062,9275692,86822
2021-04,Rajasthan,46830,32260,8806192,79090
2021-05,Rajasthan,50715,38794,8809347,89509
2021-06,Rajasthan,31966,30841,9291526,62807
2021-07,Rajasthan,36002,26702,11001017,62704
2021-08,Rajasthan,41652,36949,11026037,78601
2021-09,Rajasthan,39136,32987,8755055,72123
2021-10,Rajasthan,29898,35834,10007072,65732
2021-11,Rajasthan,40800,31871,9549708,72671
2021-12,Rajasthan,41986,34270,8933463,76256
2022-01,Rajasthan,43057,33138,10925745,76195
2022-02,Rajasthan,36627,28992,9965518,65619
2022-03,Rajasthan,41665,29196,9409960,70861
2022-04,Rajasthan,45847,35906,8766201,81753
2022-05,Rajasthan,40708,30655,9870644,71363
2022-06,Rajasthan,48847,30862,11818965,79709
2022-07,Rajasthan,44102,33914,9140236,78016
2022-08,Rajasthan,42927,33691,8836010,76618
2022-09,Rajasthan,39783,28168,10232174,67951
2022-10,Rajasthan,43427,28827,10989067,72254
2022-11,Rajasthan,45181,32316,8323255,77497
2022-12,Rajasthan,37913,29689,9843671,67602
2023-01,Rajasthan,35406,28117,7632729,63523
2023-02,Rajasthan,36360,24343,10014395,60703
2023-03,Rajasthan,40141,29115,10082594,69256
2023-04,Rajasthan,36526,40384,10440690,76910
2023-05,Rajasthan,40512,21198,9460765,61710
2023-06,Rajasthan,42913,28512,7325029,71425
2023-07,Rajasthan,47264,30898,11109724,78162
2023-08,Rajasthan,42492,23093,11710508,65585
2023-09,Rajasthan,44546,24268,11828843,68814
2023-10,Rajasthan,41435,32349,12055187,73784
2023-11,Rajasthan,46735,36452,7570442,83187
2023-12,Rajasthan,30486,30687,7508998,61173
2024-01,Rajasthan,42212,31504,10068231,73716
2024-02,Rajasthan,43301,30556,10602767,73857
2024-03,Rajasthan,42567,26805,11452821,69372
2024-04,Rajasthan,40771,37331,10612736,78102
2024-05,Rajasthan,42544,33340,10041565,75884
2024-06,Rajasthan,42073,30797,7440122,72870
2024-07,Rajasthan,42272,38784,10185425,81056
2024-08,Rajasthan,36251,24597,10354682,60848
2024-09,Rajasthan,37371,31466,7549994,68837
2024-10,Rajasthan,45530,33006,9652635,78536
2024-11,Rajasthan,38130,25546,7570581,63676
2024-12,Rajasthan,36221,34147,9598114,70368
2019-01,Uttar Pradesh,42676,40810,1003083,83486
2019-02,Uttar Pradesh,50969,38974,696360,89943
2019-03,Uttar Pradesh,62365,38853,775472,101218
2019-04,Uttar Pradesh,48234,39649,831503,87883
2019-05,Uttar Pradesh,48412,35912,1002041,84324
2019-06,Uttar Pradesh,51712,42224,784346,93936
2019-07,Uttar Pradesh,56010,40555,1086109,96565
2019-08,Uttar Pradesh,48732,47771,748718,96503
2019-09,Uttar Pradesh,46213,44325,749930,90538
2019-10,Uttar Pradesh,52449,37029,1090478,89478
2019-11,Uttar Pradesh,46252,45480,705183,91732
2019-12,Uttar Pradesh,55266,31413,833176,86679
2020-01,Uttar Pradesh,47292,45351,914861,92643
2020-02,Uttar Pradesh,56583,42176,718560,98759
2020-03,Uttar Pradesh,51112,45344,1050200,96456
2020-04,Uttar Pradesh,64010,40511,1095594,104521
2020-05,Uttar Pradesh,57113,45726,1052735,102839
2020-06,Uttar Pradesh,48576,41950,973773,90526
2020-07,Uttar Pradesh,48782,49721,1072498,98503
2020-08,Uttar Pradesh,54554,39188,1019246,93742
2020-09,Uttar Pradesh,43651,36913,995102,80564
2020-10,Uttar Pradesh,51584,46416,737230,98000
2020-11,Uttar Pradesh,52183,45481,964867,97664
2020-12,Uttar Pradesh,37760,44031,1042104,81791
2021-01,Uttar Pradesh,57878,41369,908231,99247
2021-02,Uttar Pradesh,50849,39450,902340,90299
2021-03,Uttar Pradesh,42961,49994,973635,92955
2021-04,Uttar Pradesh,53319,40822,1054640,94141
2021-05,Uttar Pradesh,50772,39862,887014,90634
2021-06,Uttar Pradesh,50023,42303,675609,92326
2021-07,Uttar Pradesh,50652,45788,712500,96440
2021-08,Uttar Pradesh,42162,40490,699926,82652
2021-09,Uttar Pradesh,44066,38678,756962,82744
2021-10,Uttar Pradesh,57947,41345,1122985,99292
2021-11,Uttar Pradesh,45696,42422,952201,88118
2021-12,Uttar Pradesh,46770,36458,963853,83228
2022-01,Uttar Pradesh,47289,44894,777820,92183
2022-02,Uttar Pradesh,50417,36874,1110945,87291
2022-03,Uttar Pradesh,47104,40840,814413,87944
2022-04,Uttar Pradesh,50290,40930,741639,91220
2022-05,Uttar Pradesh,51439,42591,868210,94030
2022-06,Uttar Pradesh,49862,43576,829254,93438
2022-07,Uttar Pradesh,42064,38754,867442,80818
2022-08,Uttar Pradesh,43191,46659,735101,89850
2022-09,Uttar Pradesh,50599,42155,755196,92754
2022-10,Uttar Pradesh,51151,33557,1095980,84708
2022-11,Uttar Pradesh,43785,34982,758957,78767
2022-12,Uttar Pradesh,54151,40292,1110849,94443
2023-01,Uttar Pradesh,50937,39791,1033984,90728
2023-02,Uttar Pradesh,49158,39379,806287,88537
2023-03,Uttar Pradesh,47374,43036,883104,90410
2023-04,Uttar Pradesh,42502,36024,915739,78526
2023-05,Uttar Pradesh,48313,33399,974513,81712
2023-06,Uttar Pradesh,47344,38964,825327,86308
2023-07,Uttar Pradesh,49201,42991,961711,92192
2023-08,Uttar Pradesh,39676,36167,745625,75843
2023-09,Uttar Pradesh,51428,41806,708736,93234
2023-10,Uttar Pradesh,39747,38966,717901,78713
2023-11,Uttar Pradesh,58070,47998,939702,106068
2023-12,Uttar Pradesh,51175,40544,811860,91719
2024-01,Uttar Pradesh,46086,41405,697670,87491
2024-02,Uttar Pradesh,47216,36976,1090059,84192
2024-03,Uttar Pradesh,53634,37940,978799,91574
2024-04,Uttar Pradesh,49212,42243,922211,91455
2024-05,Uttar Pradesh,55466,38657,1046903,94123
2024-06,Uttar Pradesh,51105,37759,793907,88864
2024-07,Uttar Pradesh,52428,42986,1039012,95414
2024-08,Uttar Pradesh,40555,42729,985025,83284
2024-09,Uttar Pradesh,43346,40132,679004,83478
2024-10,Uttar Pradesh,44040,37310,683772,81350
2024-11,Uttar Pradesh,49151,40663,984647,89814
2024-12,Uttar Pradesh,43466,40774,768176,84240
2019-01,Bihar,28017,45369,16085138,73386
2019-02,Bihar,26415,46473,16180265,72888
2019-03,Bihar,25710,51561,22092962,77271
2019-04,Bihar,18326,51714,17979248,70040
2019-05,Bihar,18410,50264,20828292,68674
2019-06,Bihar,14424,53165,17421543,67589
2019-07,Bihar,21618,49597,21244297,71215
2019-08,Bihar,25246,53455,20918875,78701
2019-09,Bihar,17974,50213,14846736,68187
2019-10,Bihar,21475,49680,14566064,71155
2019-11,Bihar,25359,41581,21057356,66940
2019-12,Bihar,20152,46412,15880160,66564
2020-01,Bihar,30740,52320,18131495,83060
2020-02,Bihar,28431,51531,19890411,79962
2020-03,Bihar,26279,44865,16262455,71144
2020-04,Bihar,29760,52827,16751272,82587
2020-05,Bihar,24245,49921,22312517,74166
2020-06,Bihar,21129,42101,14275153,63230
2020-07,Bihar,11038,49456,21925251,60494
2020-08,Bihar,24287,52475,20550375,76762
2020-09,Bihar,26429,44877,18764672,71306
2020-10,Bihar,26522,53398,20321878,79920
2020-11,Bihar,19033,50101,20614557,69134
2020-12,Bihar,24874,49238,16731917,74112
2021-01,Bihar,15222,49050,16007152,64272
2021-02,Bihar,18803,42539,13976539,61342
2021-03,Bihar,14785,50793,14801990,65578
2021-04,Bihar,13161,49867,19161475,63028
2021-05,Bihar,15319,50322,14003368,65641
2021-06,Bihar,26961,43662,21870139,70623
2021-07,Bihar,19284,47565,20513174,66849
2021-08,Bihar,16689,49445,20832045,66134
2021-09,Bihar,26702,45464,16141456,72166
2021-10,Bihar,16705,45890,17180544,62595
2021-11,Bihar,14375,45981,21742642,60356
2021-12,Bihar,26993,50325,18857475,77318
2022-01,Bihar,24572,44685,20635014,69257
2022-02,Bihar,29381,51419,22107821,80800
2022-03,Bihar,20538,45779,15594977,66317
2022-04,Bihar,35161,55061,21208347,90222
2022-05,Bihar,19621,50267,22672118,69888
2022-06,Bihar,17685,52491,16186719,70176
2022-07,Bihar,23896,46838,21311540,70734
2022-08,Bihar,19209,53113,19582147,72322
2022-09,Bihar,20040,51786,14121387,71826
2022-10,Bihar,29827,44527,17843285,74354
2022-11,Bihar,23045,45829,21921822,68874
2022-12,Bihar,16080,50717,21594860,66797
2023-01,Bihar,19463,46863,16262959,66326
2023-02,Bihar,25310,49063,22723980,74373
2023-03,Bihar,20035,45956,17611259,65991
2023-04,Bihar,16684,48009,15476124,64693
2023-05,Bihar,18482,45069,21285285,63551
2023-06,Bihar,21842,50551,18192687,72393
2023-07,Bihar,31321,51462,17798898,82783
2023-08,Bihar,20357,47400,18089425,67757
2023-09,Bihar,24089,52050,22215969,76139
2023-10,Bihar,23927,50707,19318430,74634
2023-11,Bihar,29287,52359,22719189,81646
2023-12,Bihar,23258,46747,21532552,70005
2024-01,Bihar,17810,44836,14660126,62646
2024-02,Bihar,22218,53034,21763889,75252
2024-03,Bihar,23412,40486,20318611,63898
2024-04,Bihar,33394,46691,14527360,80085
2024-05,Bihar,16250,49178,20992352,65428
2024-06,Bihar,14340,50261,21336127,64601
2024-07,Bihar,18301,47043,22933190,65344
2024-08,Bihar,26174,45574,22677937,71748
2024-09,Bihar,22048,50304,16550699,72352
2024-10,Bihar,21001,51321,14219631,72322
2024-11,Bihar,22954,44997,19116011,67951
2024-12,Bihar,20692,54801,15511908,75493
2019-01,West Bengal,59295,15533,809120,74828
2019-02,West Bengal,71197,7608,890872,78805
2019-03,West Bengal,59128,9985,1156975,69113
2019-04,West Bengal,71386,14428,1160003,85814
2019-05,West Bengal,68669,15263,1163178,83932
2019-06,West Bengal,70374,18452,800850,88826
2019-07,West Bengal,68185,9033,901406,77218
2019-08,West Bengal,63376,19177,986720,82553
2019-09,West Bengal,61287,12559,1059020,73846
2019-10,West Bengal,68290,7556,814823,75846
2019-11,West Bengal,62180,16930,727161,79110
2019-12,West Bengal,66922,24370,1000878,91292
2020-01,West Bengal,72744,9561,1159483,82305
2020-02,West Bengal,72109,20063,712012,92172
2020-03,West Bengal,67964,13502,914443,81466
2020-04,West Bengal,60494,14841,839923,75335
2020-05,West Bengal,66006,18327,1149725,84333
2020-06,West Bengal,68042,9968,994967,78010
2020-07,West Bengal,72383,17423,1049864,89806
2020-08,West Bengal,70617,11496,948250,82113
2020-09,West Bengal,71255,21380,958399,92635
2020-10,West Bengal,69036,13900,1057578,82936
2020-11,West Bengal,60504,7586,917174,68090
2020-12,West Bengal,68255,6277,989358,74532
2021-01,West Bengal,61335,16333,1035416,77668
2021-02,West Bengal,73300,13531,815250,86831
2021-03,West Bengal,68940,19888,1023276,88828
2021-04,West Bengal,64255,15930,1073172,80185
2021-05,West Bengal,73706,14524,1023959,88230
2021-06,West Bengal,73232,17920,725912,91152
2021-07,West Bengal,70751,18333,1136896,89084
2021-08,West Bengal,70608,20541,1060176,91149
2021-09,West Bengal,65351,24903,1153885,90254
2021-10,West Bengal,62692,14959,719197,77651
2021-11,West Bengal,63854,6407,956818,70261
2021-12,West Bengal,67881,12007,1143986,79888
2022-01,West Bengal,71586,19118,937708,90704
2022-02,West Bengal,71081,18802,874000,89883
2022-03,West Bengal,61426,14883,700872,76309
2022-04,West Bengal,61265,10002,940172,71267
2022-05,West Bengal,71356,13773,765120,85129
2022-06,West Bengal,68324,20180,800912,88504
2022-07,West Bengal,68173,19168,742928,87341
2022-08,West Bengal,65417,17622,963934,83039
2022-09,West Bengal,73156,18366,1031402,91522
2022-10,West Bengal,69934,17459,785764,87393
2022-11,West Bengal,65834,26711,759968,92545
2022-12,West Bengal,74738,13606,904821,88344
2023-01,West Bengal,64805,5412,960844,70217
2023-02,West Bengal,70261,16706,832463,86967
2023-03,West Bengal,63043,10494,1100514,73537
2023-04,West Bengal,66021,17889,1085778,83910
2023-05,West Bengal,70313,15236,963207,85549
2023-06,West Bengal,68044,18593,860427,86637
2023-07,West Bengal,65284,18717,1064911,84001
2023-08,West Bengal,57457,16402,919559,73859
2023-09,West Bengal,66051,17241,738136,83292
2023-10,West Bengal,66849,8748,1060846,75597
2023-11,West Bengal,72917,15774,868050,88691
2023-12,West Bengal,70834,13493,794138,84327
2024-01,West Bengal,63589,9520,853871,73109
2024-02,West Bengal,64841,11715,778615,76556
2024-03,West Bengal,76951,16290,937938,93241
2024-04,West Bengal,68185,12183,1029693,80368
2024-05,West Bengal,67123,9742,1149673,76865
2024-06,West Bengal,66579,20123,818519,86702
2024-07,West Bengal,67093,8662,929935,75755
2024-08,West Bengal,66553,9916,903204,76469
2024-09,West Bengal,67356,17398,1093945,84754
2024-10,West Bengal,63336,16005,731873,79341
2024-11,West Bengal,75506,18746,1001183,94252
2024-12,West Bengal,80176,13246,1006512,93422
2019-01,Odisha,25415,28254,32719998,53669
2019-02,Odisha,32220,28728,37774601,60948
2019-03,Odisha,41029,29670,25455979,70699
2019-04,Odisha,35783,33804,37125132,69587
2019-05,Odisha,36425,28400,26022487,64825
2019-06,Odisha,35814,32970,40569549,68784
2019-07,Odisha,41943,36077,27494009,78020
2019-08,Odisha,42308,32177,34812374,74485
2019-09,Odisha,39213,30811,36236516,70024
2019-10,Odisha,37789,38152,32255556,75941
2019-11,Odisha,39843,31578,36760294,71421
2019-12,Odisha,34350,27670,34868899,62020
2020-01,Odisha,39721,29940,40964755,69661
2020-02,Odisha,36835,32868,36611207,69703
2020-03,Odisha,35102,29878,29903429,64980
2020-04,Odisha,36025,28370,39908714,64395
2020-05,Odisha,38722,26808,30846134,65530
2020-06,Odisha,33153,24632,28971567,57785
2020-07,Odisha,37757,23129,35802476,60886
2020-08,Odisha,37282,22992,25235025,60274
2020-09,Odisha,29800,25481,36923310,55281
2020-10,Odisha,27108,28412,34193536,55520
2020-11,Odisha,38223,33350,28704186,71573
2020-12,Odisha,38320,30243,27995635,68563
2021-01,Odisha,35652,38155,35686163,73807
2021-02,Odisha,33759,27332,30477981,61091
2021-03,Odisha,33825,33783,30309820,67608
2021-04,Odisha,32571,31084,30022172,63655
2021-05,Odisha,25598,32088,34607018,57686
2021-06,Odisha,30469,30600,26944646,61069
2021-07,Odisha,33662,34981,27203957,68643
2021-08,Odisha,34960,26398,38635438,61358
2021-09,Odisha,35979,28205,36276327,64184
2021-10,Odisha,27263,30322,29963751,57585
2021-11,Odisha,40389,29933,31667554,70322
2021-12,Odisha,30286,22696,41228442,52982
2022-01,Odisha,31900,27269,39472253,59169
2022-02,Odisha,37877,29900,29985659,67777
2022-03,Odisha,32330,33801,32341309,66131
2022-04,Odisha,38384,34179,32302827,72563
2022-05,Odisha,40704,26157,32427876,66861
2022-06,Odisha,32693,23760,37873665,56453
2022-07,Odisha,34851,27768,36742596,62619
2022-08,Odisha,30156,37648,27312369,67804
2022-09,Odisha,35091,27255,36097731,62346
2022-10,Odisha,38041,28330,34962939,66371
2022-11,Odisha,43680,28295,29687101,71975
2022-12,Odisha,34312,32679,24830613,66991
2023-01,Odisha,35665,31094,39649187,66759
2023-02,Odisha,34952,28659,32723028,63611
2023-03,Odisha,43658,30371,31183836,74029
2023-04,Odisha,39318,29053,33602508,68371
2023-05,Odisha,41175,34247,39544555,75422
2023-06,Odisha,38682,21355,28267160,60037
2023-07,Odisha,40711,27330,40641047,68041
2023-08,Odisha,41397,26414,33612191,67811
2023-09,Odisha,30721,35141,30573105,65862
2023-10,Odisha,35719,23585,25663970,59304
2023-11,Odisha,33649,31710,35198027,65359
2023-12,Odisha,24800,29756,40312894,54556
2024-01,Odisha,38003,32172,26695898,70175
2024-02,Odisha,46163,27330,26317124,73493
2024-03,Odisha,40304,31707,40401499,72011
2024-04,Odisha,33250,29428,28175357,62678
2024-05,Odisha,33668,30819,35009046,64487
2024-06,Odisha,32078,37385,37695911,69463
2024-07,Odisha,37149,25734,31020065,62883
2024-08,Odisha,34169,33592,27859070,67761
2024-09,Odisha,37386,20930,26065956,58316
2024-10,Odisha,37557,33026,29902651,70583
2024-11,Odisha,36595,29583,34687470,66178
2024-12,Odisha,44089,25945,37218849,70034
2019-01,Madhya Pradesh,62883,18659,23030012,81542
2019-02,Madhya Pradesh,52460,12995,35258125,65455
2019-03,Madhya Pradesh,55570,14147,25698806,69717
2019-04,Madhya Pradesh,57364,21657,26483914,79021
2019-05,Madhya Pradesh,65026,23419,34169507,88445
2019-06,Madhya Pradesh,55772,23426,32744925,79198
2019-07,Madhya Pradesh,56899,21447,32357042,78346
2019-08,Madhya Pradesh,44770,18720,24697961,63490
2019-09,Madhya Pradesh,55388,17116,26892213,72504
2019-10,Madhya Pradesh,65978,22663,32054938,88641
2019-11,Madhya Pradesh,58719,25536,29174958,84255
2019-12,Madhya Pradesh,64425,23021,34009185,87446
2020-01,Madhya Pradesh,59770,17951,24619525,77721
2020-02,Madhya Pradesh,59716,17733,26921574,77449
2020-03,Madhya Pradesh,61176,18215,32752152,79391
2020-04,Madhya Pradesh,59865,15246,35386264,75111
2020-05,Madhya Pradesh,56526,24545,35481888,81071
2020-06,Madhya Pradesh,51214,22910,35730199,74124
2020-07,Madhya Pradesh,47535,22414,28049568,69949
2020-08,Madhya Pradesh,58326,14336,29965476,72662
2020-09,Madhya Pradesh,55292,15010,25610106,70302
2020-10,Madhya Pradesh,56562,19809,30569858,76371
2020-11,Madhya Pradesh,62842,26230,27158827,89072
2020-12,Madhya Pradesh,59542,17518,25779895,77060
2021-01,Madhya Pradesh,47432,20878,22680531,68310
2021-02,Madhya Pradesh,57264,19561,27573704,76825
2021-03,Madhya Pradesh,60777,12258,26947984,73035
2021-04,Madhya Pradesh,53711,14227,34801829,67938
2021-05,Madhya Pradesh,53127,21978,23646674,75105
2021-06,Madhya Pradesh,59112,18354,35382630,77466
2021-07,Madhya Pradesh,55772,21423,34882096,77195
2021-08,Madhya Pradesh,56584,16696,29754909,73280
2021-09,Madhya Pradesh,58685,19463,32684076,78148
2021-10,Madhya Pradesh,65416,18957,32805030,84373
2021-11,Madhya Pradesh,55076,16729,26498036,71805
2021-12,Madhya Pradesh,55672,17435,24666870,73107
2022-01,Madhya Pradesh,61311,19816,33172572,81127
2022-02,Madhya Pradesh,53090,23313,33609742,76403
2022-03,Madhya Pradesh,64174,23328,32104850,87502
2022-04,Madhya Pradesh,50355,20872,33517904,71227
2022-05,Madhya Pradesh,65190,21573,22129246,86763
2022-06,Madhya Pradesh,58055,14486,33367838,72541
2022-07,Madhya Pradesh,63260,16749,21770970,80009
2022-08,Madhya Pradesh,57196,18741,36064621,75937
2022-09,Madhya Pradesh,51149,14602,26680823,65751
2022-10,Madhya Pradesh,47543,25195,27028933,72738
2022-11,Madhya Pradesh,58648,21980,35621165,80628
2022-12,Madhya Pradesh,58851,21593,25995553,80444
2023-01,Madhya Pradesh,59099,25081,26815664,84180
2023-02,Madhya Pradesh,56503,25155,36021332,81658
2023-03,Madhya Pradesh,59830,21073,34818700,80903
2023-04,Madhya Pradesh,61309,20420,30411807,81729
2023-05,Madhya Pradesh,57719,19647,31841678,77366
2023-06,Madhya Pradesh,62108,25508,32301074,87616
2023-07,Madhya Pradesh,56498,21043,25319091,77541
2023-08,Madhya Pradesh,61634,20146,34213301,81780
2023-09,Madhya Pradesh,51953,26373,25738904,78326
2023-10,Madhya Pradesh,56409,18119,29045570,74528
2023-11,Madhya Pradesh,56963,20925,30137971,77888
2023-12,Madhya Pradesh,55097,19536,25905631,74633
2024-01,Madhya Pradesh,63167,23519,35530269,86686
2024-02,Madhya Pradesh,66548,18861,33299935,85409
2024-03,Madhya Pradesh,54203,21028,34660422,75231
2024-04,Madhya Pradesh,60654,24309,23837537,84963
2024-05,Madhya Pradesh,57527,21187,24510233,78714
2024-06,Madhya Pradesh,51214,20701,22546388,71915
2024-07,Madhya Pradesh,61757,23211,29221507,84968
2024-08,Madhya Pradesh,54536,16066,23267855,70602
2024-09,Madhya Pradesh,62446,22306,29250017,84752
2024-10,Madhya Pradesh,52086,21337,34915009,73423
2024-11,Madhya Pradesh,51829,20613,29493192,72442
2024-12,Madhya Pradesh,62181,19140,32619260,81321
2019-01,Chhattisgarh,56612,32361,9498787,88973
2019-02,Chhattisgarh,59249,30637,7751954,89886
2019-03,Chhattisgarh,51787,38712,6916558,90499
2019-04,Chhattisgarh,63427,31443,9822741,94870
2019-05,Chhattisgarh,55857,35067,6155172,90924
2019-06,Chhattisgarh,60513,32259,6783337,92772
2019-07,Chhattisgarh,54506,35324,7411329,89830
2019-08,Chhattisgarh,63025,39574,6172495,102599
2019-09,Chhattisgarh,54002,32503,7141558,86505
2019-10,Chhattisgarh,62655,32670,6521012,95325
2019-11,Chhattisgarh,56196,28777,9271780,84973
2019-12,Chhattisgarh,54810,36063,8275082,90873
2020-01,Chhattisgarh,52455,42841,9566702,95296
2020-02,Chhattisgarh,57390,31201,9012597,88591
2020-03,Chhattisgarh,52154,40095,9130228,92249
2020-04,Chhattisgarh,64192,35627,6769714,99819
2020-05,Chhattisgarh,55626,38056,9367242,93682
2020-06,Chhattisgarh,53005,33394,7494751,86399
2020-07,Chhattisgarh,59486,35994,8120726,95480
2020-08,Chhattisgarh,59240,34248,9110877,93488
2020-09,Chhattisgarh,66829,32497,7135609,99326
2020-10,Chhattisgarh,43952,34833,7098951,78785
2020-11,Chhattisgarh,55997,34264,9348918,90261
2020-12,Chhattisgarh,54811,41210,9682264,96021
2021-01,Chhattisgarh,59091,32190,9201864,91281
2021-02,Chhattisgarh,55654,41154,8110538,96808
2021-03,Chhattisgarh,53391,45307,6321966,98698
2021-04,Chhattisgarh,62003,34239,8273115,96242
2021-05,Chhattisgarh,58299,34218,7834110,92517
2021-06,Chhattisgarh,58507,30113,6808051,88620
2021-07,Chhattisgarh,64146,39241,6882642,103387
2021-08,Chhattisgarh,60688,28228,6994433,88916
2021-09,Chhattisgarh,59461,38180,6812965,97641
2021-10,Chhattisgarh,64307,42563,7618358,106870
2021-11,Chhattisgarh,52418,42586,7906484,95004
2021-12,Chhattisgarh,63310,27418,6104278,90728
2022-01,Chhattisgarh,51913,36052,7023829,87965
2022-02,Chhattisgarh,53815,37644,8622868,91459
2022-03,Chhattisgarh,54063,30137,6865908,84200
2022-04,Chhattisgarh,57398,28847,8142033,86245
2022-05,Chhattisgarh,49701,34158,8269090,83859
2022-06,Chhattisgarh,55873,37011,8895587,92884
2022-07,Chhattisgarh,60409,31832,8442407,92241
2022-08,Chhattisgarh,52050,42370,7602332,94420
2022-09,Chhattisgarh,60072,33910,7127008,93982
2022-10,Chhattisgarh,55397,35324,10017441,90721
2022-11,Chhattisgarh,59734,38988,8209629,98722
2022-12,Chhattisgarh,52114,27160,8780605,79274
2023-01,Chhattisgarh,61532,35134,7420646,96666
2023-02,Chhattisgarh,54558,38091,6689488,92649
2023-03,Chhattisgarh,54746,32632,9829167,87378
2023-04,Chhattisgarh,59849,38321,7346156,98170
2023-05,Chhattisgarh,53667,30167,8816604,83834
2023-06,Chhattisgarh,57166,30076,7599078,87242
2023-07,Chhattisgarh,60143,40097,6706745,100240
2023-08,Chhattisgarh,61465,32654,9707379,94119
2023-09,Chhattisgarh,63149,35224,6956248,98373
2023-10,Chhattisgarh,65298,30514,6212640,95812
2023-11,Chhattisgarh,62500,35440,6954005,97940
2023-12,Chhattisgarh,50646,38042,7427201,88688
2024-01,Chhattisgarh,53444,34089,9125894,87533
2024-02,Chhattisgarh,60003,32224,8748680,92227
2024-03,Chhattisgarh,58019,33288,6684508,91307
2024-04,Chhattisgarh,53639,35948,8461124,89587
2024-05,Chhattisgarh,62412,24390,9144084,86802
2024-06,Chhattisgarh,63039,34082,8339274,97121
2024-07,Chhattisgarh,64912,35089,7788498,100001
2024-08,Chhattisgarh,60717,37166,9411342,97883
2024-09,Chhattisgarh,50339,36358,9323119,86697
2024-10,Chhattisgarh,52585,30276,7792672,82861
2024-11,Chhattisgarh,50143,35133,9556408,85276
2024-12,Chhattisgarh,53846,38717,10045463,92563
2019-01,Punjab,18289,36981,4580408,55270
2019-02,Punjab,20950,37339,5111368,58289
2019-03,Punjab,11641,40716,3446172,52357
2019-04,Punjab,9476,37846,4861269,47322
2019-05,Punjab,24291,38401,5253556,62692
2019-06,Punjab,20124,44907,4357894,65031
2019-07,Punjab,22006,39244,4818273,61250
2019-08,Punjab,20209,40146,4993024,60355
2019-09,Punjab,17854,43417,4831763,61271
2019-10,Punjab,11101,33018,3699797,44119
2019-11,Punjab,20746,38285,4598241,59031
2019-12,Punjab,20046,43167,5266283,63213
2020-01,Punjab,27307,35427,3673000,62734
2020-02,Punjab,30574,37138,3755729,67712
2020-03,Punjab,20778,30436,3250045,51214
2020-04,Punjab,29164,31481,3560777,60645
2020-05,Punjab,19659,37878,3852807,57537
2020-06,Punjab,19080,43029,5050072,62109
2020-07,Punjab,19715,42986,3547954,62701
2020-08,Punjab,20282,37501,5023209,57783
2020-09,Punjab,13737,40495,3583242,54232
2020-10,Punjab,25003,37842,3572122,62845
2020-11,Punjab,16282,41286,4481720,57568
2020-12,Punjab,31287,31125,3503603,62412
2021-01,Punjab,8229,37531,4906925,45760
2021-02,Punjab,22931,44928,4567938,67859
2021-03,Punjab,17268,39166,4630219,56434
2021-04,Punjab,20830,42797,4169920,63627
2021-05,Punjab,27102,35520,3537260,62622
2021-06,Punjab,33055,44675,5209152,77730
2021-07,Punjab,20845,41448,4495505,62293
2021-08,Punjab,22934,45131,3821091,68065
2021-09,Punjab,22131,33103,4149964,55234
2021-10,Punjab,16730,32778,3304917,49508
2021-11,Punjab,17103,38273,3442037,55376
2021-12,Punjab,19238,38864,4710639,58102
2022-01,Punjab,12883,37599,4437212,50482
2022-02,Punjab,25453,38054,5280475,63507
2022-03,Punjab,10103,35602,4470042,45705
2022-04,Punjab,21393,33861,3428274,55254
2022-05,Punjab,25677,34630,4864525,60307
2022-06,Punjab,23749,37757,3539077,61506
2022-07,Punjab,25171,31162,4169275,56333
2022-08,Punjab,17592,38857,4754968,56449
2022-09,Punjab,18495,34881,3598811,53376
2022-10,Punjab,20743,38745,3712468,59488
2022-11,Punjab,20780,29643,3707025,50423
2022-12,Punjab,24940,41068,4561899,66008
2023-01,Punjab,22367,39813,3557630,62180
2023-02,Punjab,20177,30981,3876782,51158
2023-03,Punjab,18075,28212,4893261,46287
2023-04,Punjab,27180,38502,4516703,65682
2023-05,Punjab,19467,33622,3255466,53089
2023-06,Punjab,31058,38991,3830710,70049
2023-07,Punjab,21662,35070,3751477,56732
2023-08,Punjab,18635,42612,3244898,61247
2023-09,Punjab,23913,44079,3706007,67992
2023-10,Punjab,16160,36254,3502533,52414
2023-11,Punjab,27725,47284,3649394,75009
2023-12,Punjab,20095,29056,3555434,49151
2024-01,Punjab,21385,36674,3730627,58059
2024-02,Punjab,16827,40911,4004135,57738
2024-03,Punjab,27789,42027,3950878,69816
2024-04,Punjab,23342,44556,4960331,67898
2024-05,Punjab,24471,40065,3780461,64536
2024-06,Punjab,16587,30852,3782597,47439
2024-07,Punjab,19772,33148,3868691,52920
2024-08,Punjab,14495,38183,3921079,52678
2024-09,Punjab,16661,38525,4327198,55186
2024-10,Punjab,17412,39906,4304402,57318
2024-11,Punjab,22586,40281,4171948,62867
2024-12,Punjab,23237,32093,4936464,55330
2019-01,Haryana,25945,52566,7114394,78511
2019-02,Haryana,25129,59650,6087972,84779
2019-03,Haryana,26492,49994,6646340,76486
2019-04,Haryana,32705,45817,5992164,78522
2019-05,Haryana,25046,54398,7776230,79444
2019-06,Haryana,30127,57804,6680084,87931
2019-07,Haryana,33876,57088,8272592,90964
2019-08,Haryana,35263,48990,6391188,84253
2019-09,Haryana,22345,57588,8564857,79933
2019-10,Haryana,23823,57155,6346721,80978
2019-11,Haryana,25402,55410,9073256,80812
2019-12,Haryana,30998,50470,6417608,81468
2020-01,Haryana,30623,47003,8262824,77626
2020-02,Haryana,30171,56742,8179674,86913
2020-03,Haryana,24656,53300,8579447,77956
2020-04,Haryana,17095,51270,6377301,68365
2020-05,Haryana,33014,52288,7584629,85302
2020-06,Haryana,28275,60335,6121001,88610
2020-07,Haryana,20284,63622,6614477,83906
2020-08,Haryana,25526,52252,5795416,77778
2020-09,Haryana,28669,57296,7023543,85965
2020-10,Haryana,29621,53694,9319328,83315
2020-11,Haryana,26475,54511,6302063,80986
2020-12,Haryana,29194,55178,7338801,84372
2021-01,Haryana,29797,50135,5832422,79932
2021-02,Haryana,33158,56240,6061954,89398
2021-03,Haryana,28809,55539,7796818,84348
2021-04,Haryana,34263,48969,8268789,83232
2021-05,Haryana,35162,57295,7786142,92457
2021-06,Haryana,26754,55397,8710558,82151
2021-07,Haryana,28369,57063,5835406,85432
2021-08,Haryana,32760,55824,9493221,88584
2021-09,Haryana,32065,57017,7460007,89082
2021-10,Haryana,14673,50131,9487633,64804
2021-11,Haryana,29672,59565,5981425,89237
2021-12,Haryana,28072,60846,8147529,88918
2022-01,Haryana,29361,52765,9499465,82126
2022-02,Haryana,29435,55647,8686641,85082
2022-03,Haryana,24656,54007,7319430,78663
2022-04,Haryana,29313,52893,9014107,82206
2022-05,Haryana,31373,54525,6756443,85898
2022-06,Haryana,27672,53378,6989101,81050
2022-07,Haryana,36143,56066,8375960,92209
2022-08,Haryana,30374,56551,9451929,86925
2022-09,Haryana,32695,53852,6491569,86547
2022-10,Haryana,24605,53998,8325170,78603
2022-11,Haryana,27503,53515,6976522,81018
2022-12,Haryana,29210,59801,8284985,89011
2023-01,Haryana,40097,57123,6308603,97220
2023-02,Haryana,27788,56261,7264822,84049
2023-03,Haryana,30134,60202,7437443,90336
2023-04,Haryana,36603,57465,7114733,94068
2023-05,Haryana,33979,55889,9558843,89868
2023-06,Haryana,24040,54571,5873819,78611
2023-07,Haryana,26442,51752,6769841,78194
2023-08,Haryana,35688,55670,6245027,91358
2023-09,Haryana,32940,51701,7469555,84641
2023-10,Haryana,22699,55355,6709774,78054
2023-11,Haryana,21459,55402,7801257,76861
2023-12,Haryana,30659,52395,7909718,83054
2024-01,Haryana,26266,59191,8803288,85457
2024-02,Haryana,30193,51686,9142475,81879
2024-03,Haryana,31486,62553,8895739,94039
2024-04,Haryana,31445,55552,6965437,86997
2024-05,Haryana,26058,59284,6564546,85342
2024-06,Haryana,30921,55901,8618485,86822
2024-07,Haryana,23128,54325,7009043,77453
2024-08,Haryana,33079,54455,9161849,87534
2024-09,Haryana,29660,52337,8990676,81997
2024-10,Haryana,38018,55104,7058447,93122
2024-11,Haryana,24141,52849,7840089,76990
2024-12,Haryana,21444,56574,6090371,78018
2019-01,Assam,37286,30579,19373737,67865
2019-02,Assam,29582,23180,25817102,52762
2019-03,Assam,39775,30017,23736642,69792
2019-04,Assam,34803,32089,20776373,66892
2019-05,Assam,36160,36851,25557535,73011
2019-06,Assam,44831,35754,24402707,80585
2019-07,Assam,44671,30825,22470691,75496
2019-08,Assam,36787,37002,27367688,73789
2019-09,Assam,34963,38706,20698802,73669
2019-10,Assam,37032,34997,30526064,72029
2019-11,Assam,24134,28225,21775193,52359
2019-12,Assam,27237,38926,29144869,66163
2020-01,Assam,37281,34242,23857509,71523
2020-02,Assam,38517,33724,26839563,72241
2020-03,Assam,30822,34070,30352784,64892
2020-04,Assam,35892,37752,28285234,73644
2020-05,Assam,36378,25402,21340641,61780
2020-06,Assam,34841,31674,30261104,66515
2020-07,Assam,35107,35507,23757794,70614
2020-08,Assam,34738,36970,24888842,71708
2020-09,Assam,39054,33286,24763442,72340
2020-10,Assam,42616,30498,21373248,73114
2020-11,Assam,38341,33491,29441607,71832
2020-12,Assam,36258,38042,27952838,74300
2021-01,Assam,34553,33315,19988364,67868
2021-02,Assam,45482,33102,29696173,78584
2021-03,Assam,33539,27057,27245943,60596
2021-04,Assam,42296,36825,27682189,79121
2021-05,Assam,45235,34740,23973592,79975
2021-06,Assam,36095,40011,19833294,76106
2021-07,Assam,35051,35560,25164873,70611
2021-08,Assam,41019,39565,25374111,80584
2021-09,Assam,45648,34066,30542834,79714
2021-10,Assam,39804,38522,23968447,78326
2021-11,Assam,31442,26499,25369030,57941
2021-12,Assam,32003,25619,21368955,57622
2022-01,Assam,36158,38947,29609793,75105
2022-02,Assam,37086,39351,20943883,76437
2022-03,Assam,38320,39377,27950966,77697
2022-04,Assam,38379,32492,30613943,70871
2022-05,Assam,35445,38130,22427980,73575
2022-06,Assam,32754,34727,24676789,67481
2022-07,Assam,34807,37838,24777771,72645
2022-08,Assam,34453,34873,22017495,69326
2022-09,Assam,40665,33138,27033976,73803
2022-10,Assam,30423,36575,28980799,66998
2022-11,Assam,40753,31115,21830059,71868
2022-12,Assam,38676,29325,22889857,68001
2023-01,Assam,46531,39161,24306856,85692
2023-02,Assam,45787,33946,20718467,79733
2023-03,Assam,34967,39408,26875541,74375
2023-04,Assam,40039,36940,18721400,76979
2023-05,Assam,29883,33414,19375784,63297
2023-06,Assam,36765,35408,21291246,72173
2023-07,Assam,32084,35183,28539174,67267
2023-08,Assam,38366,37434,29346665,75800
2023-09,Assam,38696,33064,22407229,71760
2023-10,Assam,41266,34123,24680567,75389
2023-11,Assam,34183,36541,19055561,70724
2023-12,Assam,37056,40042,21315218,77098
2024-01,Assam,35867,35617,26543982,71484
2024-02,Assam,20565,42678,24406450,63243
2024-03,Assam,33411,34120,21241036,67531
2024-04,Assam,34507,28358,23227899,62865
2024-05,Assam,32408,39821,25408674,72229
2024-06,Assam,25769,32562,28991743,58331
2024-07,Assam,40878,37839,23042628,78717
2024-08,Assam,28604,29302,26940837,57906
2024-09,Assam,41142,36474,25447645,77616
2024-10,Assam,41850,31505,26129550,73355
2024-11,Assam,36628,35578,20481876,72206
2024-12,Assam,38926,29617,26971200,68543
2019-01,Jharkhand,60682,42071,5899447,102753
2019-02,Jharkhand,54420,53395,5281288,107815
2019-03,Jharkhand,52366,43408,4706299,95774
2019-04,Jharkhand,51839,41109,6371869,92948
2019-05,Jharkhand,52464,41603,5609180,94067
2019-06,Jharkhand,51532,43915,5565222,95447
2019-07,Jharkhand,51349,42604,4296841,93953
2019-08,Jharkhand,59571,41103,5326590,100674
2019-09,Jharkhand,61813,44690,5512398,106503
2019-10,Jharkhand,49313,50238,5023812,99551
2019-11,Jharkhand,48910,41993,4370961,90903
2019-12,Jharkhand,48916,41261,5817725,90177
2020-01,Jharkhand,58097,42771,4163421,100868
2020-02,Jharkhand,60909,45681,4452982,106590
2020-03,Jharkhand,60290,42308,4380435,102598
2020-04,Jharkhand,55544,47155,4779707,102699
2020-05,Jharkhand,57654,48740,5452890,106394
2020-06,Jharkhand,47939,40873,5912784,88812
2020-07,Jharkhand,61279,37300,4196280,98579
2020-08,Jharkhand,60099,42660,6059613,102759
2020-09,Jharkhand,56730,46927,4731991,103657
2020-10,Jharkhand,57521,44252,4680086,101773
2020-11,Jharkhand,56159,47910,5226866,104069
2020-12,Jharkhand,52860,48264,4252668,101124
2021-01,Jharkhand,43725,49101,6017052,92826
2021-02,Jharkhand,51030,45194,4908680,96224
2021-03,Jharkhand,44357,55386,6301471,99743
2021-04,Jharkhand,55214,46196,5799564,101410
2021-05,Jharkhand,61940,43502,4272905,105442
2021-06,Jharkhand,63112,47309,5439606,110421
2021-07,Jharkhand,56440,46360,6213269,102800
2021-08,Jharkhand,57942,44355,5257774,102297
2021-09,Jharkhand,56783,49433,6515953,106216
2021-10,Jharkhand,54386,47669,5781153,102055
2021-11,Jharkhand,48785,46688,5564494,95473
2021-12,Jharkhand,55372,44799,4173157,100171
2022-01,Jharkhand,58114,49161,5457543,107275
2022-02,Jharkhand,56413,44280,6491918,100693
2022-03,Jharkhand,54951,51338,4550929,106289
2022-04,Jharkhand,47250,40757,5421451,88007
2022-05,Jharkhand,51085,44582,4547729,95667
2022-06,Jharkhand,61130,39579,4571166,100709
2022-07,Jharkhand,57625,47653,5659885,105278
2022-08,Jharkhand,46757,52042,6225134,98799
2022-09,Jharkhand,61840,49689,6306832,111529
2022-10,Jharkhand,46185,48539,6326957,94724
2022-11,Jharkhand,55107,50899,4914274,106006
2022-12,Jharkhand,54374,47860,6109948,102234
2023-01,Jharkhand,59380,46850,4481328,106230
2023-02,Jharkhand,54654,47655,5333220,102309
2023-03,Jharkhand,51934,43691,5688199,95625
2023-04,Jharkhand,44833,45847,5774592,90680
2023-05,Jharkhand,60677,43061,6447478,103738
2023-06,Jharkhand,52105,41862,5756096,93967
2023-07,Jharkhand,56800,42162,5808338,98962
2023-08,Jharkhand,49127,45434,6235842,94561
2023-09,Jharkhand,52081,43533,5917287,95614
2023-10,Jharkhand,50755,49183,4342142,99938
2023-11,Jharkhand,47886,50089,4872284,97975
2023-12,Jharkhand,56753,53534,5260491,110287
2024-01,Jharkhand,46280,44255,4301819,90535
2024-02,Jharkhand,51140,44321,5123346,95461
2024-03,Jharkhand,58001,45041,5700617,103042
2024-04,Jharkhand,50315,49853,6169993,100168
2024-05,Jharkhand,61506,48915,4172391,110421
2024-06,Jharkhand,60152,47645,4154155,107797
2024-07,Jharkhand,55117,46708,5736344,101825
2024-08,Jharkhand,50999,49277,6537636,100276
2024-09,Jharkhand,51872,50609,4962306,102481
2024-10,Jharkhand,47768,44056,4636922,91824
2024-11,Jharkhand,59858,49033,4550621,108891
2024-12,Jharkhand,49813,39713,6101882,89526
2019-01,Uttarakhand,17780,48929,49643102,66709
2019-02,Uttarakhand,24703,48535,40157547,73238
2019-03,Uttarakhand,17945,45864,44128604,63809
2019-04,Uttarakhand,22049,48117,56420466,70166
2019-05,Uttarakhand,21025,43548,36586588,64573
2019-06,Uttarakhand,13268,49853,57290671,63121
2019-07,Uttarakhand,19179,47017,35244849,66196
2019-08,Uttarakhand,18632,47089,37509653,65721
2019-09,Uttarakhand,17713,46060,46393746,63773
2019-10,Uttarakhand,26011,44905,48184194,70916
2019-11,Uttarakhand,20740,41829,53404281,62569
2019-12,Uttarakhand,17729,50132,54151754,67861
2020-01,Uttarakhand,28199,48281,42816023,76480
2020-02,Uttarakhand,20043,51698,47343573,71741
2020-03,Uttarakhand,28994,53405,44772759,82399
2020-04,Uttarakhand,22378,51328,36762853,73706
2020-05,Uttarakhand,25425,50950,49358757,76375
2020-06,Uttarakhand,16732,47612,53452399,64344
2020-07,Uttarakhand,19088,42728,49788787,61816
2020-08,Uttarakhand,20406,50771,45629668,71177
2020-09,Uttarakhand,18821,48546,54593469,67367
2020-10,Uttarakhand,20601,54143,50713738,74744
2020-11,Uttarakhand,24130,52514,53820482,76644
2020-12,Uttarakhand,20879,42002,45868551,62881
2021-01,Uttarakhand,32770,48739,41819914,81509
2021-02,Uttarakhand,19684,49468,45119026,69152
2021-03,Uttarakhand,25165,44873,42156695,70038
2021-04,Uttarakhand,25877,50196,43601996,76073
2021-05,Uttarakhand,21432,54632,36812070,76064
2021-06,Uttarakhand,24472,46568,44622467,71040
2021-07,Uttarakhand,26409,42795,44949929,69204
2021-08,Uttarakhand,22313,46295,45063613,68608
2021-09,Uttarakhand,22253,52071,52474424,74324
2021-10,Uttarakhand,17561,56864,47442043,74425
2021-11,Uttarakhand,19583,48925,41755295,68508
2021-12,Uttarakhand,18438,48244,46620062,66682
2022-01,Uttarakhand,18028,39840,34975584,57868
2022-02,Uttarakhand,22182,53340,39323564,75522
2022-03,Uttarakhand,29001,39782,39094172,68783
2022-04,Uttarakhand,25114,42072,44686633,67186
2022-05,Uttarakhand,25409,42911,47149205,68320
2022-06,Uttarakhand,15132,47707,38969278,62839
2022-07,Uttarakhand,23586,51586,54049093,75172
2022-08,Uttarakhand,20513,51581,34663328,72094
2022-09,Uttarakhand,12262,61685,55723040,73947
2022-10,Uttarakhand,16165,49402,41048412,65567
2022-11,Uttarakhand,22060,47185,45335313,69245
2022-12,Uttarakhand,18028,42674,46572704,60702
2023-01,Uttarakhand,17226,45694,53308086,62920
2023-02,Uttarakhand,17092,53251,45530569,70343
2023-03,Uttarakhand,21035,55374,37210951,76409
2023-04,Uttarakhand,17105,49746,39587269,66851
2023-05,Uttarakhand,17988,50924,50109542,68912
2023-06,Uttarakhand,19319,45336,48793186,64655
2023-07,Uttarakhand,18180,48478,42246550,66658
2023-08,Uttarakhand,21769,47028,46926823,68797
2023-09,Uttarakhand,28605,44289,46961142,72894
2023-10,Uttarakhand,19758,49847,44411936,69605
2023-11,Uttarakhand,16370,52854,41369367,69224
2023-12,Uttarakhand,26188,52879,54529775,79067
2024-01,Uttarakhand,17538,40020,57227631,57558
2024-02,Uttarakhand,20316,43146,42019422,63462
2024-03,Uttarakhand,25699,38079,45292350,63778
2024-04,Uttarakhand,23871,49237,43014714,73108
2024-05,Uttarakhand,13950,49948,42644697,63898
2024-06,Uttarakhand,21479,47258,39928621,68737
2024-07,Uttarakhand,21698,46520,41766214,68218
2024-08,Uttarakhand,27598,45228,35882398,72826
2024-09,Uttarakhand,25012,47367,57722055,72379
2024-10,Uttarakhand,20663,46821,41855394,67484
2024-11,Uttarakhand,18751,51301,56214845,70052
2024-12,Uttarakhand,18568,43785,34794447,62353
2019-01,Himachal Pradesh,31511,32766,19876493,64277
2019-02,Himachal Pradesh,34781,27332,21284344,62113
2019-03,Himachal Pradesh,36011,30800,19067162,66811
2019-04,Himachal Pradesh,37820,37079,19189965,74899
2019-05,Himachal Pradesh,38870,37536,24918967,76406
2019-06,Himachal Pradesh,24130,30913,18496417,55043
2019-07,Himachal Pradesh,39268,27719,26764776,66987
2019-08,Himachal Pradesh,33810,28372,18992451,62182
2019-09,Himachal Pradesh,32338,37933,21336584,70271
2019-10,Himachal Pradesh,29471,29589,27793771,59060
2019-11,Himachal Pradesh,32970,36035,21996493,69005
2019-12,Himachal Pradesh,31377,34357,20762993,65734
2020-01,Himachal Pradesh,31455,29676,25838692,61131
2020-02,Himachal Pradesh,34417,27897,24859523,62314
2020-03,Himachal Pradesh,34620,39168,27461410,73788
2020-04,Himachal Pradesh,32836,28064,18727245,60900
2020-05,Himachal Pradesh,39357,34979,23728694,74336
2020-06,Himachal Pradesh,19980,39855,25220352,59835
2020-07,Himachal Pradesh,32190,28597,18160631,60787
2020-08,Himachal Pradesh,37424,32335,22980704,69759
2020-09,Himachal Pradesh,31356,34029,17713807,65385
2020-10,Himachal Pradesh,36617,30659,19698201,67276
2020-11,Himachal Pradesh,35696,30385,23736206,66081
2020-12,Himachal Pradesh,33628,28056,19869784,61684
2021-01,Himachal Pradesh,35899,23771,28342688,59670
2021-02,Himachal Pradesh,28239,31666,24874051,59905
2021-03,Himachal Pradesh,35072,34448,20122650,69520
2021-04,Himachal Pradesh,35385,30931,25387182,66316
2021-05,Himachal Pradesh,42995,33881,20465236,76876
2021-06,Himachal Pradesh,32793,35539,26043221,68332
2021-07,Himachal Pradesh,33608,37128,17230154,70736
2021-08,Himachal Pradesh,36775,34862,23908817,71637
2021-09,Himachal Pradesh,36832,28333,25528141,65165
2021-10,Himachal Pradesh,34505,25957,26470888,60462
2021-11,Himachal Pradesh,30450,38129,25251628,68579
2021-12,Himachal Pradesh,32334,31004,20188902,63338
2022-01,Himachal Pradesh,26585,32400,19099495,58985
2022-02,Himachal Pradesh,31621,39274,20050412,70895
2022-03,Himachal Pradesh,31400,29352,26440400,60752
2022-04,Himachal Pradesh,39293,34790,26315624,74083
2022-05,Himachal Pradesh,28826,35627,19872582,64453
2022-06,Himachal Pradesh,34095,32259,17712758,66354
2022-07,Himachal Pradesh,26992,34136,25974846,61128
2022-08,Himachal Pradesh,31112,32305,27917479,63417
2022-09,Himachal Pradesh,31167,27229,19260105,58396
2022-10,Himachal Pradesh,32387,27358,17729397,59745
2022-11,Himachal Pradesh,33556,32719,21405626,66275
2022-12,Himachal Pradesh,32073,32444,25600623,64517
2023-01,Himachal Pradesh,25732,30381,22604594,56113
2023-02,Himachal Pradesh,35765,29182,21040799,64947
2023-03,Himachal Pradesh,34161,35264,26445108,69425
2023-04,Himachal Pradesh,31542,38591,22748180,70133
2023-05,Himachal Pradesh,42839,38035,26904600,80874
2023-06,Himachal Pradesh,35644,28186,25238363,63830
2023-07,Himachal Pradesh,29054,31751,27558335,60805
2023-08,Himachal Pradesh,34198,30970,23960035,65168
2023-09,Himachal Pradesh,36304,33756,28308371,70060
2023-10,Himachal Pradesh,37083,29232,26322499,66315
2023-11,Himachal Pradesh,43068,32994,17458377,76062
2023-12,Himachal Pradesh,23496,26831,25950248,50327
2024-01,Himachal Pradesh,35621,32191,25288717,67812
2024-02,Himachal Pradesh,34454,33495,23089313,67949
2024-03,Himachal Pradesh,31905,33085,18195301,64990
2024-04,Himachal Pradesh,35815,38269,25747547,74084
2024-05,Himachal Pradesh,27554,32157,18464996,59711
2024-06,Himachal Pradesh,33993,33826,18847604,67819
2024-07,Himachal Pradesh,29282,30879,20862230,60161
2024-08,Himachal Pradesh,27148,40416,26767355,67564
2024-09,Himachal Pradesh,36103,34862,24700525,70965
2024-10,Himachal Pradesh,36047,27490,18188912,63537
2024-11,Himachal Pradesh,19903,37542,18060626,57445
2024-12,Himachal Pradesh,34366,33495,18682805,67861
